Column ID,Saidentifikacio Kodi,,ID1,NAME1,ID2,NAME2,ID3,NAME3,ID4,NAME4
1,211385268,,58761bca1d41c83442216b48,შ.პ.ს. ჯი-ემ-პი,59b7acd17dfab025795ff4a2,ჯი-ემ-პი ,,,,
1,404920939,,58761bca1d41c83442216b55,შ.პ.ს. GEORGIAN TRAVEL GROUP,59b9287a7dfab03eddd4b048,GEORGIAN TRAVEL GROUP ,,,,
1,1024010125,,58761bcb1d41c83442216b73,გურამ გიორგაძე,587de6e81d41c87088f16f8d,გურამი გიორგაძე,,,,
1,1010013761,,58761bcb1d41c83442216b9d,ამირან ინასარიძე,587de6e81d41c87088f16f8b,ამირანი ინასარიძე,,,,
1,20001003734,,58761bcb1d41c83442216bc7,ვახტანგ მეგრელიშვილი,587de6f81d41c87088f171d9,ვახტანგი მეგრელიშვილი,,,,
2,1019006338,,58761bcc1d41c83442216bc9,ნიკოლოზი ანდღულაძე,58761beb1d41c834422174e2,ნიკოლოზ ანდღულაძე,,,,
1,1021000800,,58761bcc1d41c83442216bd1,გუტა ვაშაძე,59f80ae67dfab0482d2d4a1c,ვაშაძე გუტა,,,,
1,1005023286,,58761bcc1d41c83442216be7,ზურაბ ღონღაძე,58761bf21d41c834422176a1,ზურაბ ღონღAძე,,,,
1,54001001630,,58761bcc1d41c83442216c07,არჩილ იაკობაშვილი,59b7acce7dfab025795ff46c,არჩილი იაკობაშვილი,59b7acce7dfab025795ff46f,არჩილ იაკობასვილი,,
1,250724284,,58761bcc1d41c83442216c09,შ.პ.ს. გაგრა+,59f80b597dfab0482d2d4c57,გაგრა+ ,,,,
2,1006006283,,58761bcf1d41c83442216cde,ზურაბი ჩიკვაიძე,58761bf51d41c83442217762,ზურაბ ჩიკვაიძე,,,,
2,42001006386,,58761bcf1d41c83442216d02,კახაბერი ლატარეა,58761cc31d41c8344221a10a,კახაბერ ლატარია,,,,
1,42001000194,,58761bcf1d41c83442216d04,გურამი წიწილაშვილი,58761cbd1d41c8344221a001,გურამ წიწილაშვილი,,,,
1,35001022204,,58761bd01d41c83442216d27,თორნიკე არევაძე,58761bf71d41c83442217814,თორნიკე არავაძე,,,,
1,1008013916,,58761bd11d41c83442216d5c,კონსტანტინე კირვალიძე,587de6d81d41c87088f16d71,კონსტანტინრე კირვალიძე,,,,
2,1024024454,,58761bd11d41c83442216d64,ჯონდო ბაღათურია,58761bf21d41c8344221768d,ჯონდი ბაღათურია,,,,
1,35001031494,,58761bd11d41c83442216d72,ალექსანდრე ახვლედიანი,587de6bd1d41c87088f1697d,ალექსანდრე ავლედიანი,,,,
2,1017017029,,58761bd21d41c83442216dd3,ოთარი კახიძე,596cd8f91d41c868e13ea3a4,ოთარ კახიძე,,,,
1,1024019206,,58761bd21d41c83442216dfa,ვახტანგ ლემონჯავა,58761c611d41c83442218cf0,ვახტანგი ლემონჯავა,,,,
1,5001001251,,58761bd31d41c83442216e1f,ტარიელ ლონდარიძე,58761c5a1d41c83442218b5f,ტარიელი ლონდარიძე,,,,
0,1006013556,მანუჩარ ომანაძე,58761bd31d41c83442216e32,მანუჩარი ომანაძე,58761c161d41c83442217f1b,ომანაძე მანუჩარ,,,,
1,59001085359,,58761bd41d41c83442216e6e,ზვიად ხორგუაშვილი,59b7acc57dfab025795ff3b5,ზვიადი ხორგუაშვილი,,,,
3,202311738,,58761bd41d41c83442216e80,შ.პ.ს. თ და რ დისტრიბუშენ,59b7acd37dfab025795ff4b1,თ რ დისტრიბუშენ ,59b9287a7dfab03eddd4b046,შ.პ.ს. თ & რ დისტრიბუშენ ,,
1,1017016970,,58761bd41d41c83442216e8d,იოსებ ტოროშელიძე,59b7acbf7dfab025795ff369,იოსები ტოროშელიძე,,,,
1,1024003044,,58761bd41d41c83442216e91,ავთანდილ მძინარიშვილი,58761beb1d41c834422174c9,ავთანდილი მძინარიშვილი,,,,
1,1030007471,,58761bd51d41c83442216eac,ლევან ბერძენიშვილი,58761c7b1d41c8344221925e,ლევანი ბერძენიშვილი,,,,
2,19001024318,,58761bd61d41c83442216ed7,თემური მარკოზია,58761c5c1d41c83442218be0,თემურ მარკოზია,,,,
2,26001004287,,58761bd71d41c83442216ee2,ნინო ებრალიძე,58761c5d1d41c83442218bfe,რომან ბიწაძე,,,,
2,61009012668,,58761bd81d41c83442216f34,ნოდარი ზოიძე,58761be31d41c83442217268,ნოდარ ზოიძე,,,,
1,13001015768,,58761bd81d41c83442216f36,ზურაბ მამისაშვილი,58761c6a1d41c83442218f61,ზურაბი მამისაშვილი,,,,
0,44001001952,მირიან ავსაჯანიშვილი,58761bd81d41c83442216f38,მირიანი ავსაჯანიშვილი,58761c631d41c83442218d6f,მირიანი ვსაჯანიშვილი,,,,
1,12002000790,,58761bd81d41c83442216f40,ტრისტან ჯინჭარაძე,58761c661d41c83442218e47,ჯინჭარაძე ტრისტან,,,,
1,1013028545,,58761bd91d41c83442216f99,ვლადიმერ ბულბულაშვილი,58761bf01d41c8344221763a,ვლადიმერ ბულბულავილიშ,,,,
1,42001005677,,58761bd91d41c83442216fb4,ლევან კუკუტარია,587de6da1d41c87088f16dbe,მიხეილ ჭანჭალეიშვილი,,,,
1,200075113,,58761bdf1d41c83442217172,შ.პ.ს. კახური ტრადიციული მეღვინეობა,59f80b4f7dfab0482d2d4c29,კახური ტრადიციული მეღვინეობა ,,,,
2,1009006734,,58761be01d41c83442217184,გურამი ჩალაგაშვილი,58761bec1d41c834422174ef,გურამ ჩალაგაშვილი,,,,
0,62007003539,ანდრო კიკნაძე,58761be01d41c8344221718c,ანდრო კიკნაზე,59f80ab97dfab0482d2d4901,კიკნაძე ანდრო,,,,
1,18001000189,,58761be01d41c8344221719b,ნიკა ქავთარაძე,58761be91d41c834422173fa,ქავთარაძე ნიკა,,,,
2,65008000930,,58761be01d41c8344221719e,ზვიადი ჩხიკვიშვილი,58761be31d41c83442217261,ზვიად ჭრიკიშვილი,,,,
2,1030022664,,58761be01d41c834422171a0,გოჩა გოჩიტაშვილი,58761be91d41c8344221740e,გოჩა გოჩიაშვილი,,,,
2,1002021106,,58761be41d41c8344221728e,ჯირაშვილი თათია,58761c121d41c83442217e15,თათია ჯირაშვილი,,,,
1,54001007869,,58761be51d41c834422172f8,მურთაზ ყობიაშვილი,58761c781d41c834422191be,მურთაზი ყობიაშვილი,,,,
1,20001006895,,58761bea1d41c83442217475,ვასილ კევლიშვილი,587de6bf1d41c87088f169c7,ვასილი კევლიშვილი,587de6c81d41c87088f16b19,თამარ კევლიშვილი,,
1,1030006506,,58761beb1d41c834422174e0,კახაბერ ძაგანია,58761c091d41c83442217c77,კახა ძაგანია,,,,
2,1011011898,,58761bef1d41c83442217595,ილია ჯიშკარიანი,58761cd21d41c8344221a3fb,ი.მ. ილია ჯიშკარიანი,,,,
2,13001001755,,58761bef1d41c834422175c5,ვალერიანი კაკიაშვილი,58761cd21d41c8344221a3e5,ვალერიან კაკიაშვილი,,,,
1,1030026682,,58761bef1d41c834422175e5,დავით ხუციშვილი,58761bf81d41c83442217859,დავითი ხუციშვილი,,,,
3,1018001399,,58761bf01d41c834422175f0,გრიგორ ნიშნიანიძე,587de6c31d41c87088f16a7a,გრიგორი ნიშნიანიძე,587de6f41d41c87088f1714f,გრიგოლ ნიშნიანიძე,,
1,1008059946,,58761bf01d41c8344221761b,ზვიად ჩიტიშვილი,58761ccb1d41c8344221a2b3,ზვიადი ჩიტიშვილი,,,,
1,58001000435,,58761bf21d41c834422176c0,მალხაზ ლაგვილავა,58761c411d41c83442218881,მალხაზი ლაგვილავა,,,,
1,56001002576,,58761bf21d41c834422176c2,ნოდარ ებანოიძე,58761c621d41c83442218d3e,ნოდარი ებანოიძე,,,,
1,1027018889,,58761bf31d41c834422176fd,ბესიკ ღვინიაშვილი,58761cd31d41c8344221a40f,ბესიკი ღვინიაშვილი,,,,
1,1008006421,,58761bf41d41c83442217731,გურანდა ბრელიძე-დუძიაკ,587de6d11d41c87088f16c76,გურანდა ბრელიძე დუძიაკ,,,,
2,1029011483,,58761bf61d41c834422177bc,მარინე ხმელაძე,58761c0e1d41c83442217cf5,მარინე ხმალაძე,,,,
2,37001006363,,58761bf81d41c8344221782d,ვიტალი შანიძე,58761c011d41c83442217aa3,ვიტალ შანიძე,,,,
1,1019041610,,58761bf81d41c8344221785e,ზურაბი ქველიძე,58761c9d1d41c83442219a0c,ზურაბ ქველიძე,,,,
1,1024038134,,58761bf91d41c83442217871,ირაკლი რუსიეშვილი,58761bfa1d41c834422178ae,ირაკლი რუსეიშვილი,,,,
1,1019018118,,58761bf91d41c83442217875,ზვიად ბლიაძე,58761c061d41c83442217be6,ზვიადი ბლიაძე,,,,
2,1030029121,,58761bf91d41c83442217879,რევაზი ჩხაიძე,58761c021d41c83442217af3,რევაზ ჩხაიძე,,,,
2,28001038813,,58761bf91d41c83442217898,ზურაბი სხირტლაძე,58761c011d41c83442217ac0,ზურაბ სხირტლაძე,,,,
1,48001000997,,58761bf91d41c8344221789c,ლევან როდონაია,58761c011d41c83442217aae,ლევან როდონაი,,,,
1,35001028777,,58761bfa1d41c834422178aa,დავით ოვაშვილი,58761c061d41c83442217bec,დავითი ოვაშვილი,,,,
2,60001017956,,58761bfb1d41c834422178eb,ონერი ნემსიწვერიზე,58761c011d41c83442217aa8,ონერი ნემსიწვერიძე,,,,
2,51001013563,,58761bfb1d41c834422178f1,ნანა კვარაცხელია,58761c011d41c83442217a86,ნონა კვარაცხელია,,,,
2,39001004878,,58761bfb1d41c834422178f3,ლევანი ჯღამაძე,58761c011d41c83442217a89,ლევან ჯღამაძე,,,,
1,5001000477,,58761bfb1d41c8344221790b,რამაზ სანდროშვილი,58761bfe1d41c834422179c6,რამაზი სანდროშვილი,,,,
2,1024053295,,58761bfc1d41c8344221792c,თამაზ რუსეიშვილი,58761bfd1d41c83442217969,თამაზ რუსიეშვილი,,,,
-1,1027069084,,58761bfc1d41c83442217931,აკაკი ვაჭარაძე,58761c021d41c83442217aeb,აკაკი კაჭარავა,,,,
1,17001003859,,58761bfc1d41c83442217933,თამარ კობელაშვილი,58761c011d41c83442217aa0,თამარი კობელაშვილი,,,,
1,1011002745,,58761bfc1d41c8344221793b,ზურაბ უჩუმბეგაშვილი,58761ca71d41c83442219b99,ზურაბი უჩუმბეგაშვილი,,,,
2,1025005044,,58761bfc1d41c83442217961,ოთარ თავართილაძე,58761c161d41c83442217f16,ოთარ თავართქილაძე,,,,
1,1009001409,,58761bfd1d41c8344221796d,ავთანდილ ჩხაიძე,587de6e11d41c87088f16ead,ავთანდილი ჩხაიძე,,,,
1,60001003698,,58761bfd1d41c83442217972,ვლადიმერ კვერნაძე,58761bfd1d41c83442217983,ვალადიმერ კვერნაძე,,,,
1,47001011772,,58761bff1d41c834422179ff,ზურაბი ჩილინგარაშვილი,58761c5b1d41c83442218b9b,ზურაბ ჩილინგარაშვილი,,,,
2,60001004340,,58761c001d41c83442217a4a,თეიმურაზი მანაგაძე,58761c2b1d41c8344221839e,თეიმურაზ მანაგაძე,,,,
2,37001011751,,58761c081d41c83442217c61,ანზორი ჩაჩუა,58761c5a1d41c83442218b69,ანზორ ჩაჩუა,,,,
1,1012010070,,58761c0a1d41c83442217ca5,ლევან ლაგვილავა,58761c681d41c83442218ed4,ლევანი ლაგვილავა,58761c691d41c83442218f23,ლევნ ლაგვილავა,,
1,35001074041,,58761c0f1d41c83442217d44,ოლღა დანელია,596cd8fc1d41c868e13ea443,დანელია ოლღა,59b7acb67dfab025795ff2ac,ოლGა დანელია,,
1,54001004427,,58761c0f1d41c83442217d48,გურამ კაპანაძე,596cd8fb1d41c868e13ea3f9,კაპანაძე გურამ,,,,
2,38001005104,,58761c0f1d41c83442217d51,მხეილ აბრამიშვილი,58761c1b1d41c83442218045,მიხეილ აბრამიშვილი,,,,
2,48001017476,,58761c141d41c83442217ea6,რომანი ცხონდია,58761cc11d41c8344221a0c3,რომან ცხონდია,,,,
2,61001006530,,58761c141d41c83442217eab,ნიაზი ბოლქვაძე,58761c721d41c8344221905a,ნიაზ ბოლქვაძე,,,,
2,42001004885,,58761c151d41c83442217ed6,თეიმურაზი წურწუმია,58761c971d41c834422198a9,თეიმურაზ წურწუმია,,,,
2,33001003419,,58761c151d41c83442217ef3,მარინა დოლიძე-კეჭაყმაძე,58761c681d41c83442218ee2,მარინა დოლიძე - კეჭაყმაძე,,,,
2,1030008765,,58761c161d41c83442217f1d,ოგბაიძე შალვა,58761c6f1d41c83442218f8c,შალვა ოგბაიძე,,,,
1,61001008669,,58761c191d41c83442217fc1,ნუგზარ დუმბაძე,58761c391d41c834422186b1,ნუგზარი დუმბაძე,,,,
1,60001028118,,58761c1b1d41c83442218051,კახაბერ ნემსიწვერიძე,58761c2c1d41c834422183b9,კახაბერი ნემსიწვერიძე,,,,
0,31001004992,კახაბერ წოწინაშვილი,58761c1c1d41c8344221805c,კახაბერ წოწონაშვილი,58761c291d41c83442218316,კახაბერ წოწონაიშვილი,,,,
1,60001000381,,58761c1c1d41c83442218066,როსტომ ერგემლიძე,58761c1d1d41c8344221809d,როსტომი ერგემლიძე,,,,
2,1019002562,,58761c1c1d41c83442218079,კახაბერი ლაბუჩიძე,58761c2f1d41c83442218478,კახაბერ ლაბუჩიძე,,,,
1,60002000768,,58761c1e1d41c834422180df,ბესიკ ბრეგაძე,58761c901d41c8344221972e,ბესიკი ბრეგაძე,,,,
1,21001002515,,58761c1e1d41c834422180e9,ზვიად გიორგაძე,59f80adc7dfab0482d2d49d8,ზვიადი გიორგაძე,,,,
1,13001001274,,58761c231d41c834422181d9,მიხეილ ბეჟანიშვილი,59f80a937dfab0482d2d480c,მიხეილი ბეჟანიშვილი,,,,
1,40001006650,,58761c231d41c83442218204,ნუგზარ აბულაშვილი,58761c971d41c834422198ab,ნუგზარი აბულაშვილი,,,,
2,28001005839,,58761c241d41c8344221821c,აკმამედ იმამკულიევ,596cd8fe1d41c868e13ea4a3,აკმამედ იმამკულიევი,,,,
1,58001006892,,58761c261d41c8344221827a,ტრისტან ვადაქარია,58761c291d41c83442218325,ტრისტანი ვადაქარია,,,,
1,43001000067,,58761c261d41c83442218282,თამარ ლომიტაშვილი,58761c311d41c834422184bf,თამარი ლომიტაშვილი,,,,
2,21001000921,,58761c261d41c8344221828f,მალხაზი გურგენიძე,58761c891d41c83442219563,მალხაზ გურგენიძე,,,,
3,46001001724,,58761c261d41c83442218293,მალხაზი ჩხიკვაძე,58761c5d1d41c83442218bf1,ჩხიკვაძე მალხაზ,58761c5e1d41c83442218c3a,მალხაზ ჩხიკვაძე,,
3,41001007536,,58761c271d41c834422182ab,ბესიკი ლეო ციფურიშვილი,58761c651d41c83442218e09,ბესიკი ცქიფურიშვილი,58761c671d41c83442218e96,ბესიკ ცქიფურიშვილი,,
2,59001025126,,58761c291d41c83442218334,ბაგრატი ცერცვაძე,58761c291d41c83442218337,ბაგრატ ცერცვაძე,,,,
1,61004013694,,58761c2c1d41c834422183c8,რომან ზაქარიაძე,58761c451d41c8344221896e,რომანი ზაქარიაძე,,,,
1,61004020340,,58761c2d1d41c834422183f5,სულიკო ბეჟანიძე,58761c2d1d41c834422183f7,სულიკო ბეჯანიძე,,,,
2,57001005723,,58761c2d1d41c834422183fb,გიორგი მელიქაძე,58761c2d1d41c834422183fe,გიორგი მელიქიძე,,,,
1,26001004517,,58761c311d41c834422184b2,ემზარ თევდორაძე,58761c491d41c83442218a61,ემზარი თევდორაძე,,,,
1,59001011308,,58761c311d41c834422184ce,ზაქარია ჩიხლაძე,58761c321d41c834422184dc,ზაქარია ჩიხლაძე გაზმშენი ,,,,
-1,18001004323,,58761c361d41c834422185d3,გიორგი ცეცხლაძე,58761c431d41c834422188d3,გიორგი ცხადაძე,,,,
1,54001013490,,58761c371d41c8344221862b,ჯამბულ ნოზაძე,59f80a627dfab0482d2d46b6,ჯამბული ნოზაძე,,,,
0,61001023253,ლევან ანთაძე,58761c391d41c834422186a1,ლევანი ანთაძე,58761c3c1d41c8344221873e,ლევან ანთაზე,,,,
2,42001000612,,58761c3d1d41c83442218785,შალვა ბაბილუა,58761c3d1d41c83442218793,შალვა ბერაია,,,,
1,42001007108,,58761c3d1d41c83442218789,ელდარ ბაბილუა,58761c3d1d41c8344221878b,ელდარი ბაბილუა,,,,
1,59001027775,,58761c3d1d41c8344221879d,როინი ზაუტაშვილი,58761c3e1d41c834422187d7,როინ ზაუტაშვილი,,,,
2,1001006309,,58761c3e1d41c834422187cf,მიხეილ გელაშვილი,58761c3e1d41c834422187d1,მიხეილ გელიაშვილი,,,,
1,1003006057,,58761c3f1d41c834422187f7,მერაბ ჩიქოვანი,58761c431d41c834422188f2,მერაბ ჩიქობავა,,,,
1,13001008069,,58761c421d41c834422188a4,ნათია ყაჩაშვილი-ქოროღლიშვილი,587de6e01d41c87088f16e76,ნათია ქოროღლიშვილი,,,,
1,42001002335,,58761c441d41c83442218906,მერაბ როყვა,58761c481d41c834422189ff,მერაბი როყვა,,,,
1,42001014824,,58761c441d41c8344221890e,გურამ მიქაბერიძე,58761c481d41c834422189fd,გურამი მიქაბერიძე,,,,
2,42001011226,,58761c441d41c83442218913,მიხეილი ბაგათელია,58761c481d41c83442218a01,მიხეილ ბაგათელია,,,,
1,42001000228,,58761c441d41c8344221891b,შამილ ქვარცხავა,58761c481d41c83442218a05,შამილი ქვარცხავა,,,,
1,46001001409,,58761c441d41c83442218924,დავით კუტუბიძე,58761c461d41c83442218976,დავითი კუტუბიძე,,,,
1,54001017534,,58761c591d41c83442218b48,მალხაზ წერეთელი,58761c5b1d41c83442218ba7,მალხაზი წერეთელი,,,,
2,16001006851,,58761c5b1d41c83442218b8e,თამარ ედევანიშვილი,58761c5d1d41c83442218c15,თამარ გედევანიშვილი,,,,
2,49001003001,,58761c5e1d41c83442218c2c,მეგი ზურაბიანი,58761c691d41c83442218f08,მეგი ჩუგუაშვილი,,,,
2,1024007760,,58761c5f1d41c83442218c72,დავითი ონოფრიშვილი,58761cca1d41c8344221a273,დავით ონოფრიშვილი,,,,
2,59001018393,,58761c5f1d41c83442218c77,თამაზი შიოშვილი,58761cb81d41c83442219f24,თამაზ შიოშვილი,,,,
2,1001016778,,58761c5f1d41c83442218c84,ვალერიანი გელაშვილი,58761c641d41c83442218dc6,ვალერიან გელაშვილი,,,,
2,40001001847,,58761c681d41c83442218ec8,ზაური სესიტაშვილი,587de6de1d41c87088f16e42,ზაურ სესიტაშვილი,,,,
2,62001003046,,58761c6f1d41c83442218f92,ვახტანგი ყოლბაია,58761c721d41c8344221904c,ვახტანგ ყოლბაია,,,,
2,19001024438,,58761c701d41c83442218fe1,ნუგზარი ჟვანია,58761c761d41c83442219150,ნუგზარ ჟვანია,,,,
2,1008001307,,58761c701d41c83442218ffa,დავითი გამყრელიძე,587de6c71d41c87088f16af5,დავით გამყრელიძე,,,,
2,1017017507,,58761c711d41c83442219017,რუსუდანი დუნდუა,58761c781d41c83442219199,რუსუდან დუნდუა,,,,
2,65003000085,,58761c711d41c8344221902d,გურამი ასათიანი,587de6f01d41c87088f170c5,გურამ ასათიანი,,,,
2,1024013029,,58761c711d41c83442219035,თოფურიძე ნელი,58761c721d41c83442219050,ნელი თოფურიძე,,,,
1,1005004676,,58761c771d41c8344221918a,ავთანდილ დავითაძე,59b928797dfab03eddd4b03e,ავთანდილი დავითაძე,,,,
2,1010002205,,58761c781d41c83442219197,ირკლი დოლაბერიძე,58761c791d41c834422191f5,ირაკლი დოლაბერიძე,,,,
1,54001008301,,58761c781d41c834422191bc,სულხან მახათაძე,58761c821d41c834422193d5,სულხანი მახათაძე,,,,
2,1015003382,,58761c791d41c834422191d1,ოლეგი კენჭაძე,58761c861d41c834422194b3,ოლეგ კენჭაძე,,,,
1,61002019845,,58761c7e1d41c834422192f8,დავით ბაციკაძე,58761c8f1d41c834422196fc,დავითი ბაციკაძე,,,,
2,60001016417,,58761c871d41c83442219516,თინათინ გოჩალეიშვილი,58761c8a1d41c83442219598,თინათინი გოჩელაშვილი,,,,
1,1006006284,,58761c8d1d41c83442219671,დავით სოსელია,587de6c41d41c87088f16a87,დავითი სოსელია,,,,
1,1030013309,,58761c8f1d41c834422196f4,ვიქტორ დოლიძე,587de6e71d41c87088f16f6c,ვიქტორი დოლიძე,,,,
2,60002003155,,58761c971d41c834422198ad,ლევანი ყიფიანი,587de6e91d41c87088f16fd0,ლევან ყიფიანი,,,,
1,12001008162,,58761c9c1d41c834422199ca,ბაადური ბედუკაძე,58761cb81d41c83442219f30,ბაადური ბედუკიძე,,,,
1,60001084034,,58761ca41d41c83442219b24,ვერა ქორიძე,58761cac1d41c83442219cb5,ვეერა ქორიძე,,,,
1,36001000302,,58761ca71d41c83442219bc1,ოთარ მუჩიაშვილი,58761cab1d41c83442219c78,ოთარი მუჩიაშვილი,,,,
1,36001002929,,58761caf1d41c83442219d39,ავთანდილ გულიკაშვილი,59b928797dfab03eddd4b03c,ავთანდილი გულიკაშვილი,,,,
2,61008000623,,58761cc71d41c8344221a1ce,ზებური დიასამიძე,587de6f11d41c87088f170eb,ზებურ დიასამიძე,,,,
1,56001001973,,587de6bd1d41c87088f16981,ოფელია ინასარიძე,587de6bf1d41c87088f169c9,გულნარა ინასარიძე,,,,
1,1027091131,,587de6be1d41c87088f1699c,თეიმურაზ ინჯიაშვილი,587de6e21d41c87088f16ec8,თეიმურაზი ინჯიაშვილი,,,,
2,62001003089,,587de6c01d41c87088f169f6,ზვიადი ბაშარაული,587de6c51d41c87088f16aaf,ზვიადი ბაშარული,,,,
1,1030030470,,587de6c91d41c87088f16b41,დავით ყიფშიძე,59b928787dfab03eddd4b025,დავითი ყიფშიძე,,,,
1,59001002625,,587de6cc1d41c87088f16baa,გურამ გიორგაძე,59f80b057dfab0482d2d4aad,გურამი გიორგაძე,,,,
1,35001033617,,587de6d01d41c87088f16c4d,ვლადიმერ ნიქაცაძე,59f80ae27dfab0482d2d4a00,ვლადიმერი ნიქაცაძე,,,,
1,1008012661,,587de6d41d41c87088f16cd2,გურამ კიკნაძე,587de6d61d41c87088f16d1e,გურამი კიკნაძე,,,,
1,404440084,,587de6d51d41c87088f16d07,შ.პ.ს. ფრეგო ,59b7acd37dfab025795ff4b3,ფრეგო ,,,,
1,404430914,,587de6d81d41c87088f16d92,შ.პ.ს. LION ,59bfaa4e7dfab02abd3d729d,LION ,,,,
1,206204604,,587de6de1d41c87088f16e2f,შ.პ.ს. ჯეო ,59f80b597dfab0482d2d4c55,ჯეო ,,,,
2,31031004673,,587de6e21d41c87088f16ed2,ლევანი ჩაჩუა,59b7acbb7dfab025795ff31e,ლევან ჩაჩუა,,,,
1,404900737,,587de6e71d41c87088f16f64,სს ქართული ლუდის კომპანია ,587de6ec1d41c87088f1703d,შ.პ.ს. ქართული ლუდის კომპანია ,587de6f31d41c87088f17136,ს.ს ქართული ლუდის კომპანია ,,
1,406079586,,587de6eb1d41c87088f17014,შ.პ.ს. იბეროილი ,59f80b567dfab0482d2d4c48,იბეროილი ,,,,
1,208190367,,587de6ee1d41c87088f1707b,შ.პ.ს. ციტადელი ,59bfaa4e7dfab02abd3d7297,ციტადელი ,,,,
1,1027032144,,587de6ef1d41c87088f17096,თინათინ თხილიაშვილი,587de6ef1d41c87088f17098,თამარი ბერიაშვილი,,,,
1,404856893,,587de6f41d41c87088f17161,შ.პ.ს. მაი ვოჩი ,596cd8ff1d41c868e13ea4b7,მაი ვოჩი ,,,,
1,401962747,,587de6f51d41c87088f1716d,შ.პ.ს. ისანი ბილდინგ ,596cd8ff1d41c868e13ea4b9,ისანი ბილდინგ ,,,,
1,211338382,,587de6f71d41c87088f171bc,შ.პ.ს. ტორნადო+ ,596cd8ff1d41c868e13ea4bb,ტორნადო+ ,,,,
3,12001015797,,587de6f91d41c87088f17212,ავთანდილი გეჯაძე,596cd8fd1d41c868e13ea483,გეჯაძე ავთანდილ,596cd8ff1d41c868e13ea4af,ავთანდილ გეჯაძე,59b7acd07dfab025795ff492,ავთანდილი გეჟაძე
1,206118510,,587de6f91d41c87088f17214,შ.პ.ს. აქვა-ტერრა ,596cd8ff1d41c868e13ea4bd,აქვა-ტერრა ,,,,
1,41001006866,,587de6fa1d41c87088f1721d,ზანა გაბადაძე,59b7accd7dfab025795ff459,გაბადაძე ზანა,,,,
1,62001032918,,596cd8fe1d41c868e13ea48e,ბესიკ კვიციანი,59b7accd7dfab025795ff45f,ბესიკი კვიციანი,,,,
2,1020005831,,59b7acbb7dfab025795ff30b,ლომსაძე ვლადიმერ,59b7acc67dfab025795ff3c9,ვლადიმერი ლომსაძე,,,,
